{
  "project_info": {
    "project_number": "871298205859",
    "project_id": "mychatapp-d3932",
    "storage_bucket": "mychatapp-d3932.firebasestorage.app"
  },
  "client": [
    {
      "client_info": {
        "mobilesdk_app_id": "1:871298205859:android:b105dd7fa6ff3ba1b11716",
        "android_client_info": {
          "package_name": "com.example.chatmessenger"
        }
      },
      "oauth_client": [],
      "api_key": [
        {
          "current_key": "AIzaSyCGMGtBXyVFQiSTTl_PdwxgF_8IH5-q2Rk"
        }
      ],
      "services": {
        "appinvite_service": {
          "other_platform_oauth_client": []
        }
      }
    }
  ],
  "configuration_version": "1"
}